1;2;3;5;SURF;SURF;FlannBased;SVM;86543;1;51.42;13.08;0.614201;572;107;118;109;61;177;572;28;271;149;38;86;572;22;158;287;57;48;572;62;108;164;153;85;571;50;127;79;30;285;
1;3;2;5;SURF;SURF;FlannBased;SVM;86981;1;52.05;13.27;0.628192;571;145;108;124;88;106;572;55;154;229;52;82;572;31;116;311;62;52;572;47;53;186;205;81;572;99;92;90;43;248;
2;3;1;5;SURF;SURF;FlannBased;SVM;87144;1;51.12;13.06;0.616299;572;104;144;125;55;144;571;25;282;148;34;82;572;29;142;266;72;63;572;39;116;140;176;101;572;57;117;95;34;269;
1;2;3;10;SURF;SURF;FlannBased;SVM;86543;1;52.79;13.68;0.528506;572;170;100;108;77;117;572;25;349;94;39;65;572;51;78;320;80;43;572;38;76;118;268;72;571;82;104;88;56;241;
1;3;2;10;SURF;SURF;FlannBased;SVM;86981;1;52.95;13.45;0.546345;571;196;98;128;59;90;572;53;336;94;40;49;572;18;118;345;40;51;572;52;113;148;181;78;572;86;122;89;36;239;
2;3;1;10;SURF;SURF;FlannBased;SVM;87144;1;52.67;13.32;0.510668;572;191;97;106;48;130;571;32;374;71;28;66;572;37;87;343;54;51;572;44;78;128;226;96;572;79;117;67;44;265;
1;2;3;15;SURF;SURF;FlannBased;SVM;86543;1;53.29;13.87;0.463799;572;242;51;91;60;128;572;16;408;74;23;51;572;47;89;331;59;46;572;63;64;108;260;77;571;98;90;56;35;292;
1;3;2;15;SURF;SURF;FlannBased;SVM;86981;1;54.35;13.92;0.465547;571;180;91;106;87;107;572;29;381;80;36;46;572;17;66;387;63;39;572;37;65;113;299;58;572;82;95;72;42;281;
2;3;1;15;SURF;SURF;FlannBased;SVM;87144;1;53.98;13.58;0.457852;572;201;77;95;54;145;571;25;413;48;29;56;572;40;59;368;55;50;572;50;62;133;270;57;572;91;102;44;37;298;
1;2;3;20;SURF;SURF;FlannBased;SVM;86543;1;55.16;13.98;0.455754;572;185;90;88;62;147;572;17;396;78;25;56;572;28;78;374;49;43;572;54;58;73;310;77;571;82;116;44;38;291;
1;3;2;20;SURF;SURF;FlannBased;SVM;86981;1;54.91;13.97;0.423924;571;235;31;102;85;118;572;29;408;66;38;31;572;40;50;404;48;30;572;46;63;79;304;80;572;86;78;61;51;296;
2;3;1;20;SURF;SURF;FlannBased;SVM;87144;1;54.78;13.84;0.44561;572;241;77;87;54;113;571;31;385;60;34;61;572;30;87;380;43;32;572;52;42;85;321;72;572;107;95;49;63;258;
1;2;3;25;SURF;SURF;FlannBased;SVM;86543;1;56.08;14.63;0.406086;572;239;64;74;67;128;572;31;403;47;46;45;572;43;54;402;50;23;572;63;51;70;347;41;571;68;107;33;56;307;
1;3;2;25;SURF;SURF;FlannBased;SVM;86981;1;56.06;14.18;0.410983;571;265;41;98;58;109;572;31;411;55;45;30;572;39;46;410;38;39;572;45;53;83;327;64;572;99;79;60;63;271;
2;3;1;25;SURF;SURF;FlannBased;SVM;87144;1;56.16;14.29;0.419028;572;237;70;80;58;127;571;27;386;53;43;62;572;29;70;392;39;42;572;67;36;87;347;35;572;99;65;45;64;299;
1;2;3;30;SURF;SURF;FlannBased;SVM;86543;1;58.12;14.85;0.38405;572;264;51;71;50;136;572;22;434;55;32;29;572;47;65;392;36;32;572;45;46;53;367;61;571;92;74;46;55;304;
1;3;2;30;SURF;SURF;FlannBased;SVM;86981;1;58.37;15.01;0.380902;571;270;39;114;55;93;572;26;412;67;31;36;572;44;46;415;51;16;572;44;47;78;353;50;572;95;70;39;48;320;
2;3;1;30;SURF;SURF;FlannBased;SVM;87144;1;58.77;14.36;0.392095;572;254;62;84;45;127;571;22;406;52;27;64;572;33;56;418;33;32;572;50;38;86;341;57;572;107;60;47;39;319;
1;2;3;35;SURF;SURF;FlannBased;SVM;86543;1;57.91;14.84;0.380902;572;283;52;59;47;131;572;19;437;58;27;31;572;35;59;419;44;15;572;58;39;61;353;61;571;108;94;39;52;278;
1;3;2;35;SURF;SURF;FlannBased;SVM;86981;1;58.53;15.04;0.392095;571;267;43;93;66;102;572;34;425;43;40;30;572;39;61;422;29;21;572;51;52;56;363;50;572;120;105;33;53;261;
2;3;1;35;SURF;SURF;FlannBased;SVM;87144;1;58.64;14.62;0.40049;572;235;57;81;67;132;571;27;405;48;35;56;572;36;63;391;37;45;572;50;37;58;366;61;572;118;53;36;48;317;
1;2;3;40;SURF;SURF;FlannBased;SVM;86543;1;59.26;14.75;0.360965;572;284;46;48;54;140;572;19;424;60;33;36;572;38;64;417;26;27;572;52;43;38;372;67;571;97;70;23;51;330;
1;3;2;40;SURF;SURF;FlannBased;SVM;86981;1;59.53;14.89;0.366912;571;266;48;96;57;104;572;31;431;50;30;30;572;41;36;443;32;20;572;51;49;55;360;57;572;84;85;43;50;310;
2;3;1;40;SURF;SURF;FlannBased;SVM;87144;1;60.25;14.94;0.373207;572;260;58;84;46;124;571;30;432;35;26;48;572;32;58;413;34;35;572;63;36;42;375;56;572;109;66;36;49;312;
1;2;3;45;SURF;SURF;FlannBased;SVM;86543;1;62.55;15.58;0.355719;572;291;44;51;44;142;572;21;454;37;27;33;572;33;60;428;24;27;572;50;41;45;360;76;571;107;75;30;50;309;
1;3;2;45;SURF;SURF;FlannBased;SVM;86981;1;63.55;15.66;0.344176;571;296;24;81;63;107;572;21;442;48;30;31;572;38;36;447;30;21;572;48;37;66;360;61;572;87;65;47;43;330;
2;3;1;45;SURF;SURF;FlannBased;SVM;87144;1;64.36;15.69;0.348723;572;267;45;67;58;135;571;15;438;29;39;50;572;30;40;430;30;42;572;46;39;53;387;47;572;106;46;34;46;340;
1;2;3;50;SURF;SURF;FlannBased;SVM;86543;1;66.18;16.26;0.336481;572;303;44;55;49;121;572;9;451;45;25;42;572;35;49;439;23;26;572;43;43;41;382;63;571;101;67;32;49;322;
1;3;2;50;SURF;SURF;FlannBased;SVM;86981;1;65.28;15.65;0.327737;571;332;28;83;45;83;572;29;439;50;22;32;572;34;30;459;30;19;572;43;29;63;378;59;572;111;59;42;46;314;
2;3;1;50;SURF;SURF;FlannBased;SVM;87144;1;64.88;15.77;0.346275;572;299;32;71;41;129;571;19;443;32;25;52;572;34;48;435;28;27;572;43;38;50;381;60;572;121;67;28;45;311;
1;2;3;55;SURF;SURF;FlannBased;SVM;86543;1;65.59;15.98;0.335082;572;304;26;59;53;130;572;20;439;42;30;41;572;30;56;430;33;23;572;48;36;45;385;58;571;91;65;31;41;343;
1;3;2;55;SURF;SURF;FlannBased;SVM;86981;1;65.34;15.96;0.32354;571;317;37;68;51;98;572;27;452;34;26;33;572;25;49;452;23;23;572;59;46;46;372;49;572;98;68;23;42;341;
2;3;1;55;SURF;SURF;FlannBased;SVM;87144;1;65.65;15.99;0.344876;572;295;42;55;41;139;571;16;445;43;25;42;572;32;50;435;33;22;572;63;24;41;378;66;572;107;62;24;59;320;
1;2;3;60;SURF;SURF;FlannBased;SVM;86543;1;67;16.11;0.309199;572;329;31;56;26;130;572;23;457;41;21;30;572;32;53;447;22;18;572;52;29;37;393;61;571;107;51;19;45;349;
1;3;2;60;SURF;SURF;FlannBased;SVM;86981;1;66.55;16.07;0.311997;571;325;34;74;48;90;572;36;452;30;24;30;572;30;34;467;27;14;572;52;40;45;383;52;572;99;65;33;35;340;
2;3;1;60;SURF;SURF;FlannBased;SVM;87144;1;66.85;16.44;0.316544;572;311;46;64;31;120;571;27;448;31;25;40;572;24;41;472;24;11;572;53;22;42;400;55;572;118;50;30;51;323;
1;2;3;65;SURF;SURF;FlannBased;SVM;86543;1;67.89;16.42;0.310948;572;326;33;55;43;115;572;16;457;37;21;41;572;29;57;447;15;24;572;48;25;44;397;58;571;98;52;29;49;343;
1;3;2;65;SURF;SURF;FlannBased;SVM;86981;1;68.69;16.46;0.306051;571;309;24;75;56;107;572;14;460;33;29;36;572;32;32;473;22;13;572;46;40;39;393;54;572;91;59;26;47;349;
2;3;1;65;SURF;SURF;FlannBased;SVM;87144;1;68.52;16.29;0.305352;572;307;36;63;37;129;571;18;466;20;31;36;572;38;30;450;32;22;572;51;23;30;423;45;572;113;47;24;48;340;
1;2;3;70;SURF;SURF;FlannBased;SVM;86543;1;68.87;16.43;0.302903;572;307;46;56;37;126;572;19;465;31;23;34;572;35;40;470;14;13;572;49;42;28;408;45;571;112;56;22;38;343;
1;3;2;70;SURF;SURF;FlannBased;SVM;86981;1;69.59;16.3;0.282616;571;339;31;81;28;92;572;20;473;28;15;36;572;32;38;470;15;17;572;41;26;51;408;46;572;97;49;22;43;361;
2;3;1;70;SURF;SURF;FlannBased;SVM;87144;1;69.48;16.41;0.318993;572;324;47;61;30;110;571;19;457;32;27;36;572;35;36;434;26;41;572;59;19;40;411;43;572;128;47;30;46;321;
1;2;3;75;SURF;SURF;FlannBased;SVM;86543;1;70.63;16.74;0.278419;572;339;26;48;39;120;572;19;472;27;20;34;572;36;39;471;14;12;572;47;26;30;417;52;571;103;53;16;35;364;
1;3;2;75;SURF;SURF;FlannBased;SVM;86981;1;71.67;16.55;0.295908;571;315;30;76;46;104;572;24;469;29;21;29;572;34;34;471;19;14;572;47;33;45;403;44;572;93;57;27;40;355;
2;3;1;75;SURF;SURF;FlannBased;SVM;87144;1;71.26;16.74;0.29276;572;310;40;62;33;127;571;14;479;24;17;37;572;27;34;466;23;22;572;41;20;44;416;51;572;114;40;26;41;351;
1;2;3;80;SURF;SURF;FlannBased;SVM;86543;1;71.52;16.76;0.29276;572;329;30;46;42;125;572;21;456;38;22;35;572;32;35;475;12;18;572;54;25;23;409;61;571;102;44;27;45;353;
1;3;2;80;SURF;SURF;FlannBased;SVM;86981;1;72.28;16.95;0.284365;571;342;29;51;46;103;572;22;473;31;18;28;572;36;29;467;14;26;572;40;24;32;417;59;572;109;39;27;50;347;
2;3;1;80;SURF;SURF;FlannBased;SVM;87144;1;71.72;16.67;0.288213;572;335;30;49;41;117;571;20;474;19;20;38;572;21;40;469;22;20;572;44;17;35;428;48;572;130;41;17;55;329;
1;2;3;85;SURF;SURF;FlannBased;SVM;86543;1;73.23;17.56;0.289612;572;299;34;58;50;131;572;22;481;26;18;25;572;19;41;474;21;17;572;48;25;26;419;54;571;104;48;29;32;358;
1;3;2;85;SURF;SURF;FlannBased;SVM;86981;1;74.04;17.01;0.283316;571;344;28;76;31;92;572;19;471;27;21;34;572;33;36;473;20;10;572;55;25;40;405;47;572;102;46;17;51;356;
2;3;1;85;SURF;SURF;FlannBased;SVM;87144;1;72.43;16.76;0.293109;572;329;35;55;33;120;571;15;487;16;16;37;572;30;39;463;19;21;572;41;21;29;426;55;572;143;44;19;50;316;
1;2;3;90;SURF;SURF;FlannBased;SVM;86543;1;74.48;17.45;0.29206;572;326;26;59;40;121;572;17;477;33;18;27;572;39;44;454;22;13;572;54;31;23;405;59;571;102;46;17;44;362;
1;3;2;90;SURF;SURF;FlannBased;SVM;86981;1;73.06;17.95;0.273522;571;335;27;55;52;102;572;25;473;18;27;29;572;28;29;484;17;14;572;44;28;27;421;52;572;103;56;15;34;364;
2;3;1;90;SURF;SURF;FlannBased;SVM;87144;1;75.92;17.69;0.273172;572;324;38;58;43;109;571;21;477;21;20;32;572;29;35;470;24;14;572;45;18;30;438;41;572;105;40;13;45;369;
1;2;3;95;SURF;SURF;FlannBased;SVM;86543;1;76.07;17.84;0.277719;572;335;29;39;34;135;572;16;477;20;16;43;572;39;36;473;11;13;572;31;35;22;418;66;571;84;65;19;41;362;
1;3;2;95;SURF;SURF;FlannBased;SVM;86981;1;76.21;17.38;0.259182;571;345;19;59;35;113;572;13;484;28;20;27;572;30;25;492;14;11;572;44;23;31;421;53;572;94;39;24;39;376;
2;3;1;95;SURF;SURF;FlannBased;SVM;87144;1;76.2;17.84;0.274921;572;347;20;54;37;114;571;17;478;27;18;31;572;41;22;465;26;18;572;45;22;33;419;53;572;109;32;17;50;364;
1;2;3;100;SURF;SURF;FlannBased;SVM;86543;1;76.39;18.14;0.262329;572;344;27;34;39;128;572;19;478;26;22;27;572;24;31;485;14;18;572;42;21;18;421;70;571;93;34;23;40;381;
1;3;2;100;SURF;SURF;FlannBased;SVM;86981;1;77.37;17.62;0.27632;571;340;34;62;37;98;572;20;484;30;13;25;572;28;29;493;10;12;572;42;20;52;406;52;572;119;34;29;44;346;
2;3;1;100;SURF;SURF;FlannBased;SVM;87144;1;76.56;17.9;0.278419;572;341;30;44;37;120;571;19;462;24;22;44;572;39;34;473;13;13;572;50;16;31;434;41;572;121;32;16;50;353;
1;2;3;105;SURF;SURF;FlannBased;SVM;86543;1;78.81;18.11;0.251836;572;339;19;47;38;129;572;18;486;29;16;23;572;18;29;491;13;21;572;63;17;22;429;41;571;80;36;20;41;394;
1;3;2;105;SURF;SURF;FlannBased;SVM;86981;1;80.02;18.74;0.254285;571;348;27;59;36;101;572;20;495;22;11;24;572;33;24;485;20;10;572;49;20;32;423;48;572;110;38;10;33;381;
2;3;1;105;SURF;SURF;FlannBased;SVM;87144;1;81.19;18.73;0.263379;572;307;30;55;46;134;571;14;483;16;16;42;572;21;33;495;5;18;572;35;15;20;455;47;572;102;39;21;44;366;
1;2;3;110;SURF;SURF;FlannBased;SVM;86543;1;83.25;19.26;0.267226;572;334;31;36;41;130;572;11;474;25;26;36;572;17;42;483;13;17;572;57;14;15;440;46;571;103;49;21;34;364;
1;3;2;110;SURF;SURF;FlannBased;SVM;86981;1;83.89;19.41;0.24624;571;374;28;52;34;83;572;24;492;23;14;19;572;32;19;502;7;12;572;43;18;32;435;44;572;128;41;15;36;352;
2;3;1;110;SURF;SURF;FlannBased;SVM;87144;1;82.92;19.48;0.259182;572;352;23;48;33;116;571;7;487;19;17;41;572;23;31;475;19;24;572;37;21;23;440;51;572;105;42;20;41;364;
1;2;3;115;SURF;SURF;FlannBased;SVM;86543;1;83.64;19.4;0.26128;572;336;24;36;47;129;572;19;488;17;12;36;572;30;28;485;11;18;572;45;20;25;435;47;571;96;43;20;44;368;
1;3;2;115;SURF;SURF;FlannBased;SVM;86981;1;83.77;19.08;0.242043;571;385;24;50;35;77;572;14;500;26;15;17;572;27;25;498;11;11;572;58;15;36;421;42;572;105;47;16;41;363;
2;3;1;115;SURF;SURF;FlannBased;SVM;87144;1;84.06;19.14;0.24624;572;357;18;37;41;119;571;7;508;10;16;30;572;34;27;483;17;11;572;40;13;33;446;40;572;111;36;16;48;361;
1;2;3;120;SURF;SURF;FlannBased;SVM;86543;1;84.81;19.54;0.251137;572;349;26;34;32;131;572;11;498;25;13;25;572;28;29;483;16;16;572;55;18;28;431;40;571;91;31;28;41;380;
1;3;2;120;SURF;SURF;FlannBased;SVM;86981;1;85.42;19.5;0.258132;571;370;26;55;22;98;572;13;487;27;19;26;572;33;24;492;14;9;572;46;27;27;423;49;572;118;40;16;49;349;
2;3;1;120;SURF;SURF;FlannBased;SVM;87144;1;85.58;19.4;0.247639;572;340;25;51;42;114;571;11;491;14;21;34;572;34;22;496;9;11;572;56;7;26;435;48;572;111;27;14;31;389;
1;2;3;125;SURF;SURF;FlannBased;SVM;86543;1;85.76;19.5;0.248688;572;351;29;45;30;117;572;15;494;22;10;31;572;21;23;499;19;10;572;54;29;21;427;41;571;104;27;15;48;377;
1;3;2;125;SURF;SURF;FlannBased;SVM;86981;1;85.56;19.53;0.251137;571;364;22;53;35;97;572;16;492;27;15;22;572;26;25;496;11;14;572;51;21;33;409;58;572;102;33;25;32;380;
2;3;1;125;SURF;SURF;FlannBased;SVM;87144;1;85.26;19.62;0.259531;572;341;24;48;35;124;571;17;489;14;11;40;572;31;32;484;14;11;572;48;15;17;435;57;572;107;34;22;41;368;
1;2;3;130;SURF;SURF;FlannBased;SVM;86543;1;85.77;19.48;0.241343;572;352;23;33;41;123;572;14;493;28;13;24;572;16;29;497;16;14;572;40;13;25;442;52;571;98;39;13;36;385;
1;3;2;130;SURF;SURF;FlannBased;SVM;86981;1;86.12;19.23;0.239944;571;373;30;50;37;81;572;26;493;22;13;18;572;34;23;498;8;9;572;42;19;26;444;41;572;110;41;17;39;365;
2;3;1;130;SURF;SURF;FlannBased;SVM;87144;1;85.52;19.45;0.24659;572;340;31;45;40;116;571;14;494;14;19;30;572;17;22;495;21;17;572;40;22;17;442;51;572;109;33;18;29;383;
1;2;3;135;SURF;SURF;FlannBased;SVM;86543;1;86.07;19.68;0.236097;572;347;27;37;29;132;572;12;490;24;22;24;572;27;24;502;10;9;572;43;14;21;450;44;571;90;35;12;39;395;
1;3;2;135;SURF;SURF;FlannBased;SVM;86981;1;86.21;19.81;0.233298;571;374;29;45;35;88;572;10;502;20;14;26;572;27;17;503;17;8;572;51;19;23;443;36;572;112;38;16;36;370;
2;3;1;135;SURF;SURF;FlannBased;SVM;87144;1;86.43;19.52;0.240294;572;351;22;51;31;117;571;10;497;16;17;31;572;19;22;500;15;16;572;39;11;20;458;44;572;110;42;21;33;366;
1;2;3;140;SURF;SURF;FlannBased;SVM;86543;1;87.15;19.83;0.227702;572;368;24;35;36;109;572;16;502;13;17;24;572;26;25;503;8;10;572;42;19;18;450;43;571;104;38;14;30;385;
1;3;2;140;SURF;SURF;FlannBased;SVM;86981;1;87.25;19.53;0.237845;571;392;39;37;20;83;572;12;502;24;14;20;572;23;19;504;12;14;572;46;22;29;426;49;572;109;40;26;42;355;
2;3;1;140;SURF;SURF;FlannBased;SVM;87144;1;87.46;19.46;0.221756;572;366;21;38;31;116;571;18;489;15;17;32;572;26;21;497;18;10;572;35;10;15;477;35;572;92;29;23;32;396;
1;2;3;145;SURF;SURF;FlannBased;SVM;86543;1;87.68;19.59;0.2305;572;364;24;33;30;121;572;13;502;27;13;17;572;31;27;490;11;13;572;41;10;16;460;45;571;104;26;17;40;384;
1;3;2;145;SURF;SURF;FlannBased;SVM;86981;1;87.87;19.64;0.235747;571;383;18;51;31;88;572;17;503;18;13;21;572;26;23;498;17;8;572;47;16;27;441;41;572;128;31;19;34;360;
2;3;1;145;SURF;SURF;FlannBased;SVM;87144;1;88.44;19.66;0.239594;572;368;29;35;32;108;571;9;497;19;17;29;572;22;24;498;10;18;572;42;10;24;439;57;572;106;34;17;43;372;
1;2;3;150;SURF;SURF;FlannBased;SVM;86543;1;89.14;19.83;0.24659;572;349;27;31;36;129;572;11;499;22;11;29;572;26;27;496;15;8;572;49;19;32;430;42;571;114;38;13;26;380;
1;3;2;150;SURF;SURF;FlannBased;SVM;86981;1;88.35;19.6;0.237496;571;379;25;48;29;90;572;16;494;21;18;23;572;30;26;494;10;12;572;60;20;22;431;39;572;112;37;10;31;382;
2;3;1;150;SURF;SURF;FlannBased;SVM;87144;1;89.02;19.78;0.218608;572;356;23;35;32;126;571;12;502;12;16;29;572;22;22;501;11;16;572;45;18;26;462;21;572;85;25;17;32;413;
1;2;3;155;SURF;SURF;FlannBased;SVM;86543;1;89.8;20.12;0.220357;572;365;28;29;39;111;572;21;499;18;8;26;572;23;25;501;13;10;572;45;10;16;456;45;571;91;25;14;33;408;
1;3;2;155;SURF;SURF;FlannBased;SVM;86981;1;89.8;19.99;0.222106;571;388;25;47;27;84;572;11;512;21;12;16;572;26;20;504;14;8;572;47;19;23;446;37;572;118;33;18;29;374;
2;3;1;155;SURF;SURF;FlannBased;SVM;87144;1;89.17;20.01;0.229451;572;361;26;33;32;120;571;11;499;18;13;30;572;33;21;492;9;17;572;37;4;24;461;46;572;104;31;12;35;390;
1;2;3;160;SURF;SURF;FlannBased;SVM;86543;1;91.05;19.72;0.216159;572;367;18;24;37;126;572;14;510;18;11;19;572;24;25;499;6;18;572;43;14;16;460;39;571;82;35;19;30;405;
1;3;2;160;SURF;SURF;FlannBased;SVM;86981;1;90.31;19.64;0.225603;571;383;21;41;23;103;572;12;504;28;9;19;572;31;20;502;8;11;572;42;16;29;441;44;572;107;33;22;26;384;
2;3;1;160;SURF;SURF;FlannBased;SVM;87144;1;91.22;19.9;0.225603;572;372;25;40;25;110;571;12;514;14;12;19;572;27;20;489;14;22;572;47;12;26;444;43;572;96;28;21;32;395;
1;2;3;165;SURF;SURF;FlannBased;SVM;86543;1;91.21;20.24;0.231549;572;349;21;33;32;137;572;16;497;22;14;23;572;26;25;500;12;9;572;56;11;15;450;40;571;101;18;10;41;401;
1;3;2;165;SURF;SURF;FlannBased;SVM;86981;1;91.95;20.38;0.211962;571;395;19;42;24;91;572;14;503;21;17;17;572;20;19;505;19;9;572;41;20;23;452;36;572;99;26;17;32;398;
2;3;1;165;SURF;SURF;FlannBased;SVM;87144;1;91.52;20.01;0.222455;572;356;21;45;34;116;571;17;501;20;10;23;572;24;17;505;11;15;572;35;9;14;464;50;572;106;20;17;32;397;
1;2;3;170;SURF;SURF;FlannBased;SVM;86543;1;92.73;20.1;0.220707;572;361;26;30;27;128;572;12;513;14;12;21;572;24;36;492;11;9;572;44;15;21;450;42;571;89;29;17;24;412;
1;3;2;170;SURF;SURF;FlannBased;SVM;86981;1;92.85;20.37;0.213361;571;381;17;50;27;96;572;10;507;18;12;25;572;20;19;513;9;11;572;32;13;19;447;61;572;97;20;18;36;401;
2;3;1;170;SURF;SURF;FlannBased;SVM;87144;1;93.74;20.28;0.220007;572;366;20;35;28;123;571;14;503;12;15;27;572;28;19;505;11;9;572;47;13;13;448;51;572;89;25;13;37;408;
1;2;3;175;SURF;SURF;FlannBased;SVM;86543;1;93.64;20.8;0.207415;572;374;21;30;39;108;572;14;512;15;3;28;572;24;19;511;9;9;572;50;21;16;449;36;571;86;21;14;30;420;
1;3;2;175;SURF;SURF;FlannBased;SVM;86981;1;94.03;20.61;0.218608;571;393;21;36;28;93;572;18;514;20;4;16;572;35;17;504;7;9;572;52;19;23;437;41;572;113;21;24;28;386;
2;3;1;175;SURF;SURF;FlannBased;SVM;87144;1;93.19;20.46;0.223155;572;376;22;35;30;109;571;19;508;11;8;25;572;20;18;510;12;12;572;48;15;19;452;38;572;122;34;12;29;375;
1;2;3;180;SURF;SURF;FlannBased;SVM;86543;1;93.52;20.36;0.213012;572;379;26;29;31;107;572;19;507;15;12;19;572;31;20;497;14;10;572;54;9;12;460;37;571;103;21;13;27;407;
1;3;2;180;SURF;SURF;FlannBased;SVM;86981;1;94.85;20.49;0.203917;571;400;16;49;21;85;572;20;502;22;7;21;572;25;19;512;8;8;572;36;15;29;448;44;572;108;16;11;23;414;
2;3;1;180;SURF;SURF;FlannBased;SVM;87144;1;94.74;20.5;0.218258;572;355;26;43;25;123;571;12;510;16;13;20;572;20;24;503;11;14;572;36;12;9;470;45;572;91;29;15;40;397;
1;2;3;185;SURF;SURF;FlannBased;SVM;86543;1;94.64;20.63;0.21476;572;374;26;29;24;119;572;13;512;16;11;20;572;22;22;505;10;13;572;56;11;14;448;43;571;98;22;13;32;406;
1;3;2;185;SURF;SURF;FlannBased;SVM;86981;1;95.41;20.44;0.208814;571;385;20;50;25;91;572;16;515;23;7;11;572;12;21;522;4;13;572;32;27;21;451;41;572;108;22;17;36;389;
2;3;1;185;SURF;SURF;FlannBased;SVM;87144;1;95.83;20.4;0.209864;572;383;26;32;27;104;571;11;507;9;15;29;572;19;16;510;17;10;572;46;7;17;465;37;572;116;26;12;24;394;
1;2;3;190;SURF;SURF;FlannBased;SVM;86543;1;96.57;20.68;0.212312;572;378;13;26;48;107;572;23;512;12;2;23;572;23;27;499;14;9;572;53;12;13;463;31;571;98;27;14;32;400;
1;3;2;190;SURF;SURF;FlannBased;SVM;86981;1;96.06;20.85;0.229101;571;371;20;60;23;97;572;17;494;24;15;22;572;18;22;507;11;14;572;33;15;27;445;52;572;106;23;23;33;387;
2;3;1;190;SURF;SURF;FlannBased;SVM;87144;1;96.32;20.74;0.214411;572;371;28;32;22;119;571;16;495;17;11;32;572;20;18;518;12;4;572;45;12;13;466;36;572;104;32;12;28;396;
1;2;3;195;SURF;SURF;FlannBased;SVM;86543;1;96.99;20.86;0.204267;572;377;25;41;23;106;572;11;516;18;8;19;572;19;22;516;8;7;572;53;12;15;456;36;571;100;22;15;24;410;
1;3;2;195;SURF;SURF;FlannBased;SVM;86981;1;97.37;20.94;0.201119;571;396;30;38;21;86;572;12;515;20;7;18;572;19;24;514;5;10;572;32;16;24;456;44;572;106;22;17;24;403;
2;3;1;195;SURF;SURF;FlannBased;SVM;87144;1;98.03;20.7;0.209514;572;388;21;32;25;106;571;10;512;17;14;18;572;21;15;512;11;13;572;41;8;20;460;43;572;114;18;17;35;388;
1;2;3;200;SURF;SURF;FlannBased;SVM;86543;1;97.83;20.92;0.210563;572;370;24;26;30;122;572;14;510;18;12;18;572;19;28;513;7;5;572;45;10;14;456;47;571;95;22;20;26;408;
1;3;2;200;SURF;SURF;FlannBased;SVM;86981;1;98.15;20.97;0.209514;571;395;16;37;28;95;572;15;515;22;6;14;572;27;27;505;8;5;572;43;18;16;452;43;572;110;30;12;27;393;
2;3;1;200;SURF;SURF;FlannBased;SVM;87144;1;98.43;20.85;0.198321;572;392;10;34;31;105;571;6;522;18;11;14;572;27;16;509;11;9;572;34;12;14;468;44;572;103;23;15;30;401;
1;2;3;205;SURF;SURF;FlannBased;SVM;86543;1;98.42;20.96;0.203917;572;377;17;28;32;118;572;18;509;23;7;15;572;15;26;512;9;10;572;46;10;12;469;35;571;98;22;9;33;409;
1;3;2;205;SURF;SURF;FlannBased;SVM;86981;1;99.46;20.94;0.194823;571;416;12;28;25;90;572;14;504;22;8;24;572;23;17;512;11;9;572;44;19;17;453;39;572;90;24;9;32;417;
2;3;1;205;SURF;SURF;FlannBased;SVM;87144;1;99.64;21.12;0.197971;572;396;17;26;22;111;571;16;515;12;9;19;572;28;19;505;8;12;572;38;6;17;469;42;572;99;17;21;27;408;
1;2;3;210;SURF;SURF;FlannBased;SVM;86543;1;99.26;21.21;0.195173;572;396;18;35;30;93;572;17;506;24;10;15;572;24;22;517;4;5;572;34;5;19;477;37;571;102;24;14;26;405;
1;3;2;210;SURF;SURF;FlannBased;SVM;86981;1;100.17;21.13;0.20007;571;402;13;43;23;90;572;18;506;22;10;16;572;24;17;515;5;11;572;41;11;19;466;35;572;109;23;13;29;398;
2;3;1;210;SURF;SURF;FlannBased;SVM;87144;1;99.96;21.51;0.213012;572;389;20;40;28;95;571;12;514;15;7;23;572;20;21;503;14;14;572;50;9;19;459;35;572;111;24;12;40;385;
1;2;3;215;SURF;SURF;FlannBased;SVM;86543;1;100.79;21.16;0.203568;572;377;19;34;31;111;572;12;512;20;12;16;572;16;21;510;15;10;572;44;9;14;470;35;571;96;26;12;29;408;
1;3;2;215;SURF;SURF;FlannBased;SVM;86981;1;101.77;21.41;0.213711;571;393;20;39;31;88;572;16;501;25;11;19;572;29;16;510;7;10;572;36;15;24;445;52;572;108;19;13;33;399;
2;3;1;215;SURF;SURF;FlannBased;SVM;87144;1;100.86;21.24;0.191326;572;373;19;34;34;112;571;11;513;11;8;28;572;22;20;510;4;16;572;37;6;17;488;24;572;88;17;9;30;428;
1;2;3;220;SURF;SURF;FlannBased;SVM;86543;1;101.14;21.35;0.195173;572;383;22;32;30;105;572;17;511;19;6;19;572;16;26;513;6;11;572;48;4;10;476;34;571;103;14;12;24;418;
1;3;2;220;SURF;SURF;FlannBased;SVM;86981;1;102.12;21.44;0.19937;571;401;21;43;26;80;572;20;516;15;9;12;572;18;16;518;10;10;572;39;12;28;452;41;572;101;30;15;24;402;
2;3;1;220;SURF;SURF;FlannBased;SVM;87144;1;101.57;21.63;0.196222;572;392;20;41;28;91;571;17;506;12;13;23;572;20;15;524;5;8;572;38;7;12;481;34;572;95;34;12;36;395;
1;2;3;225;SURF;SURF;FlannBased;SVM;86543;1;102.91;21.42;0.205666;572;382;22;21;32;115;572;9;505;15;12;31;572;29;27;500;8;8;572;49;13;13;468;29;571;93;18;18;26;416;
1;3;2;225;SURF;SURF;FlannBased;SVM;86981;1;102.63;21.47;0.203218;571;412;16;44;21;78;572;19;506;23;10;14;572;25;17;511;8;11;572;49;9;12;457;45;572;132;15;11;22;392;
2;3;1;225;SURF;SURF;FlannBased;SVM;87144;1;103.53;21.39;0.194124;572;378;19;35;34;106;571;13;510;14;9;25;572;27;16;517;7;5;572;37;6;20;485;24;572;93;23;13;29;414;
1;2;3;230;SURF;SURF;FlannBased;SVM;86543;1;103.14;21.54;0.195873;572;382;20;32;29;109;572;16;513;20;6;17;572;26;26;504;9;7;572;48;10;12;478;24;571;92;15;17;25;422;
1;3;2;230;SURF;SURF;FlannBased;SVM;86981;1;103.34;21.41;0.195173;571;402;18;33;32;86;572;13;516;18;10;15;572;21;18;511;13;9;572;43;7;18;472;32;572;108;20;8;36;400;
2;3;1;230;SURF;SURF;FlannBased;SVM;87144;1;104.28;21.62;0.192725;572;396;18;35;20;103;571;14;512;16;7;22;572;19;15;520;9;9;572;42;10;11;470;39;572;105;19;10;28;410;
1;2;3;235;SURF;SURF;FlannBased;SVM;86543;1;104.41;21.73;0.204617;572;401;16;22;29;104;572;12;515;13;6;26;572;25;26;502;6;13;572;55;17;11;455;34;571;114;22;12;22;401;
1;3;2;235;SURF;SURF;FlannBased;SVM;86981;1;104.89;21.81;0.192375;571;402;17;44;16;92;572;17;515;17;8;15;572;19;20;516;6;11;572;44;6;25;456;41;572;91;23;14;24;420;
2;3;1;235;SURF;SURF;FlannBased;SVM;87144;1;105.27;21.91;0.196222;572;391;17;28;35;101;571;10;510;19;10;22;572;23;27;500;12;10;572;39;5;10;484;34;572;104;20;3;32;413;
1;2;3;240;SURF;SURF;FlannBased;SVM;86543;1;105.68;22.03;0.186429;572;386;16;26;24;120;572;11;512;22;8;19;572;18;22;523;5;4;572;41;9;14;477;31;571;85;19;12;27;428;
1;3;2;240;SURF;SURF;FlannBased;SVM;86981;1;105.1;21.64;0.186779;571;417;13;38;20;83;572;14;510;27;13;8;572;26;22;506;9;9;572;32;8;15;480;37;572;105;17;10;28;412;
2;3;1;240;SURF;SURF;FlannBased;SVM;87144;1;106.19;21.9;0.180133;572;385;18;37;24;108;571;5;516;15;10;25;572;21;12;521;6;12;572;31;9;11;492;29;572;87;21;11;23;430;
1;2;3;245;SURF;SURF;FlannBased;SVM;86543;1;106.42;22.04;0.182232;572;416;14;24;19;99;572;11;509;18;8;26;572;18;25;509;14;6;572;41;5;9;479;38;571;90;19;13;24;425;
1;3;2;245;SURF;SURF;FlannBased;SVM;86981;1;107.03;22.08;0.198321;571;419;20;31;20;81;572;20;509;20;7;16;572;22;22;516;6;6;572;41;18;12;465;36;572;122;28;9;30;383;
2;3;1;245;SURF;SURF;FlannBased;SVM;87144;1;107.41;21.88;0.190276;572;405;10;29;23;105;571;13;515;15;8;20;572;20;15;518;6;13;572;47;12;12;470;31;572;101;23;12;29;407;
1;2;3;250;SURF;SURF;FlannBased;SVM;86543;1;106.73;22.15;0.193075;572;386;22;29;23;112;572;14;521;18;5;14;572;21;25;512;3;11;572;46;11;10;478;27;571;99;23;13;26;410;
1;3;2;250;SURF;SURF;FlannBased;SVM;86981;1;107.41;21.96;0.186779;571;398;17;44;26;86;572;8;519;22;11;12;572;23;16;516;5;12;572;38;12;22;459;41;572;86;15;17;21;433;
2;3;1;250;SURF;SURF;FlannBased;SVM;87144;1;108.39;21.95;0.183631;572;381;21;31;31;108;571;17;519;12;8;15;572;21;16;521;9;5;572;38;6;14;484;30;572;78;26;12;27;429;
1;2;3;255;SURF;SURF;FlannBased;SVM;86543;1;108.93;22.44;0.192725;572;392;20;30;24;106;572;8;525;12;10;17;572;18;24;514;5;11;572;43;11;17;473;28;571;110;16;10;31;404;
1;3;2;255;SURF;SURF;FlannBased;SVM;86981;1;109.1;22.56;0.195523;571;407;20;40;33;71;572;13;516;19;4;20;572;17;22;520;7;6;572;39;8;18;466;41;572;114;29;15;23;391;
2;3;1;255;SURF;SURF;FlannBased;SVM;87144;1;109.75;22.38;0.186779;572;397;17;37;27;94;571;9;521;17;7;17;572;15;19;517;10;11;572;46;8;11;477;30;572;106;24;12;17;413;
1;2;3;260;SURF;SURF;FlannBased;SVM;86543;1;109.82;22.56;0.203917;572;371;23;26;31;121;572;15;519;9;7;22;572;15;27;510;9;11;572;53;14;14;464;27;571;101;16;13;29;412;
1;3;2;260;SURF;SURF;FlannBased;SVM;86981;1;109.21;22.32;0.18433;571;422;14;31;23;81;572;15;512;21;9;15;572;20;15;519;9;9;572;45;15;8;467;37;572;106;18;7;29;412;
2;3;1;260;SURF;SURF;FlannBased;SVM;87144;1;109.92;22.39;0.18503;572;409;19;31;26;87;571;11;507;13;18;22;572;19;23;515;7;8;572;42;9;9;483;29;572;103;18;10;25;416;
1;2;3;265;SURF;SURF;FlannBased;SVM;86543;1;109.82;22.81;0.189927;572;391;21;18;22;120;572;17;520;12;7;16;572;19;23;508;7;15;572;50;8;10;478;26;571;95;17;14;26;419;
1;3;2;265;SURF;SURF;FlannBased;SVM;86981;1;110.69;22.91;0.180483;571;428;7;35;25;76;572;18;504;21;9;20;572;21;9;523;12;7;572;42;9;17;478;26;572;115;15;10;22;410;
2;3;1;265;SURF;SURF;FlannBased;SVM;87144;1;110.89;22.77;0.183631;572;399;9;31;25;108;571;8;516;12;12;23;572;17;19;523;5;8;572;54;8;11;466;33;572;91;16;12;23;430;
1;2;3;270;SURF;SURF;FlannBased;SVM;86543;1;111.62;23.1;0.190276;572;403;12;26;33;98;572;10;508;22;11;21;572;21;18;510;11;12;572;34;8;19;480;31;571;96;10;17;34;414;
1;3;2;270;SURF;SURF;FlannBased;SVM;86981;1;111.68;22.72;0.187828;571;407;18;44;16;86;572;14;515;22;8;13;572;22;17;512;8;13;572;49;7;14;474;28;572;112;14;7;25;414;
2;3;1;270;SURF;SURF;FlannBased;SVM;87144;1;111.97;22.79;0.193774;572;378;26;28;21;119;571;12;520;9;8;22;572;19;17;523;7;6;572;53;8;13;463;35;572;100;18;11;22;421;
1;2;3;275;SURF;SURF;FlannBased;SVM;86543;1;112.15;23.35;0.179783;572;397;15;33;31;96;572;10;525;15;8;14;572;22;20;516;8;6;572;43;9;12;483;25;571;91;14;10;32;424;
1;3;2;275;SURF;SURF;FlannBased;SVM;86981;1;112.04;22.86;0.18468;571;407;27;32;24;81;572;14;514;16;13;15;572;21;15;517;8;11;572;33;9;15;476;39;572;110;18;12;15;417;
2;3;1;275;SURF;SURF;FlannBased;SVM;87144;1;112.27;22.88;0.180832;572;411;14;33;20;94;571;10;520;11;10;20;572;25;18;507;8;14;572;41;4;8;481;38;572;98;18;4;29;423;
1;2;3;280;SURF;SURF;FlannBased;SVM;86543;1;113.19;23.3;0.188877;572;408;26;20;29;89;572;7;519;15;14;17;572;19;25;515;5;8;572;35;8;8;477;44;571;108;24;10;29;400;
1;3;2;280;SURF;SURF;FlannBased;SVM;86981;1;113.46;22.97;0.172088;571;421;15;32;21;82;572;13;515;19;6;19;572;18;13;526;8;7;572;34;13;14;480;31;572;98;16;10;23;425;
2;3;1;280;SURF;SURF;FlannBased;SVM;87144;1;113.55;22.83;0.189577;572;387;11;26;26;122;571;16;514;17;5;19;572;20;17;525;7;3;572;40;8;13;481;30;572;104;24;9;25;410;
1;2;3;285;SURF;SURF;FlannBased;SVM;86543;1;114.8;23.47;0.181532;572;400;19;24;26;103;572;15;523;11;7;16;572;17;19;523;9;4;572;44;9;12;473;34;571;101;15;15;19;421;
1;3;2;285;SURF;SURF;FlannBased;SVM;86981;1;113.9;23.19;0.178384;571;424;14;40;22;71;572;9;512;25;12;14;572;19;18;516;10;9;572;26;12;15;484;35;572;100;20;17;22;413;
2;3;1;285;SURF;SURF;FlannBased;SVM;87144;1;114.85;23.16;0.16999;572;415;14;29;19;95;571;13;520;12;7;19;572;19;11;529;7;6;572;47;5;12;472;36;572;95;12;7;21;437;
1;2;3;290;SURF;SURF;FlannBased;SVM;86543;1;115.37;23.2;0.176285;572;405;19;27;19;102;572;10;524;13;11;14;572;22;23;512;7;8;572;41;12;9;485;25;571;102;9;12;19;429;
1;3;2;290;SURF;SURF;FlannBased;SVM;86981;1;115.39;23.18;0.174886;571;432;16;36;15;72;572;14;520;22;10;6;572;24;20;515;7;6;572;34;8;17;473;40;572;105;15;11;22;419;
2;3;1;290;SURF;SURF;FlannBased;SVM;87144;1;115.71;23.16;0.181882;572;398;18;35;29;92;571;11;522;16;9;13;572;16;19;523;5;9;572;43;11;13;481;24;572;102;14;11;30;415;
1;2;3;295;SURF;SURF;FlannBased;SVM;86543;1;116.33;23.62;0.172438;572;417;15;19;28;93;572;18;526;8;10;10;572;18;20;519;9;6;572;40;12;3;489;28;571;114;17;9;16;415;
1;3;2;295;SURF;SURF;FlannBased;SVM;86981;1;116.33;23.16;0.182232;571;417;15;37;26;76;572;18;519;14;8;13;572;26;13;521;5;7;572;50;9;15;473;25;572;109;21;9;25;408;
2;3;1;295;SURF;SURF;FlannBased;SVM;87144;1;116.58;23.76;0.173137;572;416;15;30;18;93;571;9;523;12;8;19;572;20;17;522;5;8;572;30;6;17;485;34;572;106;15;13;20;418;
1;2;3;300;SURF;SURF;FlannBased;SVM;86543;1;116.48;23.49;0.16999;572;403;14;27;30;98;572;8;528;12;9;15;572;18;26;515;4;9;572;34;8;12;493;25;571;98;10;13;16;434;
1;3;2;300;SURF;SURF;FlannBased;SVM;86981;1;117.01;23.54;0.178734;571;414;15;34;19;89;572;12;518;16;15;11;572;24;14;520;6;8;572;34;13;10;482;33;572;107;11;8;32;414;
2;3;1;300;SURF;SURF;FlannBased;SVM;87144;1;119;23.39;0.16964;572;413;15;31;23;90;571;9;520;12;11;19;572;14;12;537;4;5;572;41;9;16;480;26;572;99;9;13;27;424;
1;2;3;305;SURF;SURF;FlannBased;SVM;86543;1;117.31;23.6;0.158447;572;436;15;23;17;81;572;14;525;12;6;15;572;23;17;521;6;5;572;37;11;8;495;21;571;101;12;11;18;429;
1;3;2;305;SURF;SURF;FlannBased;SVM;86981;1;119.1;23.88;0.175586;571;423;15;36;17;80;572;14;515;21;8;14;572;14;13;529;8;8;572;32;18;17;467;38;572;101;16;6;26;423;
2;3;1;305;SURF;SURF;FlannBased;SVM;87144;1;119.82;24.02;0.170689;572;407;16;32;31;86;571;10;529;11;5;16;572;21;15;523;10;3;572;39;10;9;481;33;572;86;21;10;24;431;
1;2;3;310;SURF;SURF;FlannBased;SVM;86543;1;118.65;23.62;0.175586;572;413;18;24;22;95;572;16;523;9;7;17;572;29;19;512;3;9;572;38;8;14;483;29;571;105;15;6;19;426;
1;3;2;310;SURF;SURF;FlannBased;SVM;86981;1;119.04;23.59;0.174886;571;412;15;39;23;82;572;12;513;20;8;19;572;21;16;518;8;9;572;33;14;13;476;36;572;80;22;7;23;440;
2;3;1;310;SURF;SURF;FlannBased;SVM;87144;1;119.87;23.73;0.160895;572;418;9;27;15;103;571;14;518;12;7;20;572;17;18;522;8;7;572;37;8;14;491;22;572;72;13;8;29;450;
1;2;3;315;SURF;SURF;FlannBased;SVM;86543;1;120.29;23.93;0.167191;572;421;13;21;27;90;572;14;521;13;5;19;572;18;20;518;7;9;572;41;13;16;478;24;571;77;20;13;18;443;
1;3;2;315;SURF;SURF;FlannBased;SVM;86981;1;121.27;23.88;0.177685;571;427;13;36;15;80;572;20;519;18;5;10;572;20;19;516;6;11;572;32;14;20;481;25;572;109;14;15;26;408;
2;3;1;315;SURF;SURF;FlannBased;SVM;87144;1;121.55;24.23;0.166492;572;398;12;37;25;100;571;9;525;15;10;12;572;19;15;529;7;2;572;28;7;11;488;38;572;88;15;9;17;443;
1;2;3;320;SURF;SURF;FlannBased;SVM;86543;1;121.78;24.34;0.16859;572;413;16;21;27;95;572;8;520;16;10;18;572;20;19;521;3;9;572;35;9;13;493;22;571;98;12;15;16;430;
1;3;2;320;SURF;SURF;FlannBased;SVM;86981;1;121.79;24.21;0.172438;571;418;16;29;19;89;572;16;521;18;14;3;572;14;13;534;7;4;572;44;11;11;476;30;572;106;21;14;14;417;
2;3;1;320;SURF;SURF;FlannBased;SVM;87144;1;122.56;24.42;0.177685;572;412;12;23;20;105;571;15;524;12;7;13;572;18;22;514;9;9;572;29;14;16;473;40;572;90;23;10;21;428;
1;2;3;325;SURF;SURF;FlannBased;SVM;86543;1;122.2;24.55;0.16929;572;420;9;27;17;99;572;15;516;14;7;20;572;20;22;517;6;7;572;44;4;9;486;29;571;97;10;10;18;436;
1;3;2;325;SURF;SURF;FlannBased;SVM;86981;1;122.43;24.42;0.172788;571;413;20;31;19;88;572;13;522;16;9;12;572;13;15;530;6;8;572;28;13;11;486;34;572;118;9;13;18;414;
2;3;1;325;SURF;SURF;FlannBased;SVM;87144;1;123.62;24.81;0.175936;572;413;13;33;24;89;571;12;527;10;7;15;572;15;10;533;9;5;572;36;5;9;474;48;572;120;9;8;26;409;
1;2;3;330;SURF;SURF;FlannBased;SVM;86543;1;123.6;24.98;0.174886;572;389;18;26;29;110;572;10;530;12;9;11;572;18;23;518;9;4;572;44;10;6;483;29;571;74;24;15;19;439;
1;3;2;330;SURF;SURF;FlannBased;SVM;86981;1;123.32;24.79;0.175936;571;441;16;28;18;68;572;11;515;19;8;19;572;17;12;532;4;7;572;42;11;14;458;47;572;112;27;10;13;410;
2;3;1;330;SURF;SURF;FlannBased;SVM;87144;1;123.67;24.64;0.164743;572;414;13;29;17;99;571;12;528;15;8;8;572;11;18;522;9;12;572;33;7;14;494;24;572;96;13;11;22;430;
1;2;3;335;SURF;SURF;FlannBased;SVM;86543;1;123.71;24.74;0.168241;572;425;14;24;22;87;572;19;527;7;6;13;572;18;19;520;10;5;572;38;9;8;489;28;571;101;16;12;25;417;
1;3;2;335;SURF;SURF;FlannBased;SVM;86981;1;124.65;24.67;0.175586;571;431;11;41;14;74;572;20;516;19;7;10;572;16;20;521;8;7;572;45;12;22;467;26;572;99;19;10;22;422;
2;3;1;335;SURF;SURF;FlannBased;SVM;87144;1;125.44;24.52;0.159147;572;410;13;35;16;98;571;10;524;13;4;20;572;11;16;529;8;8;572;34;5;12;493;28;572;86;8;9;21;448;
1;2;3;340;SURF;SURF;FlannBased;SVM;86543;1;124.21;24.59;0.176285;572;405;10;24;30;103;572;13;521;15;5;18;572;18;22;519;7;6;572;46;9;12;482;23;571;102;8;14;19;428;
1;3;2;340;SURF;SURF;FlannBased;SVM;86981;1;125.37;24.8;0.162644;571;439;12;33;17;70;572;15;522;16;5;14;572;18;18;521;6;9;572;42;9;11;477;33;572;93;23;9;12;435;
2;3;1;340;SURF;SURF;FlannBased;SVM;87144;1;125.51;24.65;0.175586;572;403;13;41;22;93;571;12;527;11;4;17;572;23;22;518;4;5;572;36;3;13;486;34;572;101;15;13;20;423;
1;2;3;345;SURF;SURF;FlannBased;SVM;86543;1;125.3;24.79;0.167541;572;417;11;22;20;102;572;14;524;12;10;12;572;22;23;511;6;10;572;33;5;12;491;31;571;87;14;14;19;437;
1;3;2;345;SURF;SURF;FlannBased;SVM;86981;1;125.98;24.66;0.163694;571;432;12;32;20;75;572;12;517;22;9;12;572;18;13;527;4;10;572;43;6;13;478;32;572;99;16;7;13;437;
2;3;1;345;SURF;SURF;FlannBased;SVM;87144;1;126.39;24.67;0.160546;572;429;16;24;14;89;571;14;514;15;12;16;572;25;20;516;4;7;572;44;4;13;488;23;572;72;11;10;26;453;
1;2;3;350;SURF;SURF;FlannBased;SVM;86543;1;126.45;24.66;0.157048;572;410;16;20;30;96;572;10;528;15;5;14;572;21;20;520;6;5;572;30;8;8;503;23;571;84;11;9;18;449;
1;3;2;350;SURF;SURF;FlannBased;SVM;86981;1;127.22;25.28;0.162994;571;427;16;42;12;74;572;11;519;22;5;15;572;23;16;522;4;7;572;28;9;17;486;32;572;94;9;11;19;439;
2;3;1;350;SURF;SURF;FlannBased;SVM;87144;1;126.87;25.12;0.164043;572;405;12;41;18;96;571;17;524;13;5;12;572;13;13;536;5;5;572;34;7;10;502;19;572;106;15;8;20;423;
1;2;3;355;SURF;SURF;FlannBased;SVM;86543;1;127.38;24.94;0.16964;572;419;16;26;15;96;572;14;525;8;4;21;572;20;28;506;3;15;572;39;9;6;487;31;571;83;21;9;21;437;
1;3;2;355;SURF;SURF;FlannBased;SVM;86981;1;127.58;24.94;0.160895;571;448;11;30;13;69;572;13;526;19;7;7;572;16;14;527;7;8;572;39;8;14;469;42;572;101;13;6;23;429;
2;3;1;355;SURF;SURF;FlannBased;SVM;87144;1;128.22;24.74;0.162295;572;392;20;30;21;109;571;8;529;12;6;16;572;15;11;535;4;7;572;32;6;8;492;34;572;69;24;9;23;447;
1;2;3;360;SURF;SURF;FlannBased;SVM;86543;1;128.07;25.32;0.165442;572;406;18;35;20;93;572;15;529;14;6;8;572;22;17;520;7;6;572;31;8;9;499;25;571;101;10;15;13;432;
1;3;2;360;SURF;SURF;FlannBased;SVM;86981;1;128.4;25.21;0.167541;571;414;15;39;12;91;572;15;523;16;9;9;572;14;11;529;6;12;572;34;7;17;488;26;572;94;17;13;22;426;
2;3;1;360;SURF;SURF;FlannBased;SVM;87144;1;129.56;24.99;0.171039;572;402;14;39;15;102;571;9;528;9;9;16;572;22;14;523;4;9;572;40;7;6;491;28;572;102;12;10;22;426;
1;2;3;365;SURF;SURF;FlannBased;SVM;86543;1;129.18;25.25;0.159846;572;428;16;20;14;94;572;12;528;10;7;15;572;18;17;525;3;9;572;36;12;12;487;25;571;105;8;11;13;434;
1;3;2;365;SURF;SURF;FlannBased;SVM;86981;1;130.07;25.38;0.162994;571;438;15;24;12;82;572;17;517;19;8;11;572;26;13;522;7;4;572;38;11;10;473;40;572;93;14;5;17;443;
2;3;1;365;SURF;SURF;FlannBased;SVM;87144;1;129.68;25.08;0.167541;572;417;13;35;14;93;571;16;524;10;5;16;572;20;20;522;4;6;572;38;7;13;486;28;572;92;13;10;26;431;
1;2;3;370;SURF;SURF;FlannBased;SVM;86543;1;131.99;25.8;0.160196;572;414;10;27;23;98;572;9;519;13;8;23;572;12;21;523;5;11;572;35;10;11;499;17;571;79;17;16;13;446;
1;3;2;370;SURF;SURF;FlannBased;SVM;86981;1;130.6;25.43;0.160895;571;444;9;26;15;77;572;12;513;18;8;21;572;26;11;523;3;9;572;27;9;13;485;38;572;103;10;10;15;434;
2;3;1;370;SURF;SURF;FlannBased;SVM;87144;1;131.22;25.26;0.147604;572;436;9;23;18;86;571;10;534;11;5;11;572;20;12;526;7;7;572;33;10;9;506;14;572;92;21;6;18;435;
1;2;3;375;SURF;SURF;FlannBased;SVM;86543;1;130.4;25.65;0.161245;572;428;13;19;20;92;572;13;525;13;8;13;572;23;24;521;1;3;572;37;9;6;493;27;571;105;14;13;8;431;
1;3;2;375;SURF;SURF;FlannBased;SVM;86981;1;132.68;25.91;0.155299;571;434;11;33;17;76;572;11;521;16;9;15;572;20;10;531;4;7;572;35;6;19;484;28;572;87;12;11;17;445;
2;3;1;375;SURF;SURF;FlannBased;SVM;87144;1;131.92;25.62;0.156698;572;423;11;32;21;85;571;12;524;16;2;17;572;12;13;535;4;8;572;35;4;10;485;38;572;85;18;10;15;444;
1;2;3;380;SURF;SURF;FlannBased;SVM;86543;1;132.61;26.13;0.161245;572;429;16;20;21;86;572;12;517;19;7;17;572;16;22;520;6;8;572;29;14;9;496;24;571;96;13;13;13;436;
1;3;2;380;SURF;SURF;FlannBased;SVM;86981;1;132.61;25.49;0.162644;571;432;13;32;19;75;572;11;522;18;7;14;572;25;14;522;4;7;572;32;9;14;482;35;572;96;12;9;19;436;
2;3;1;380;SURF;SURF;FlannBased;SVM;87144;1;133;25.63;0.152501;572;418;11;31;23;89;571;13;515;10;12;21;572;13;19;529;6;5;572;27;3;10;513;19;572;90;15;1;18;448;
1;2;3;385;SURF;SURF;FlannBased;SVM;86543;1;133.3;25.69;0.158797;572;431;11;27;16;87;572;12;517;19;10;14;572;18;22;520;8;4;572;33;9;11;505;14;571;106;8;11;14;432;
1;3;2;385;SURF;SURF;FlannBased;SVM;86981;1;133.94;25.75;0.15355;571;446;8;29;20;68;572;12;522;17;9;12;572;16;13;529;5;9;572;51;5;12;485;19;572;103;12;6;13;438;
2;3;1;385;SURF;SURF;FlannBased;SVM;87144;1;134.13;25.52;0.160895;572;417;9;41;15;90;571;9;528;11;10;13;572;13;13;534;7;5;572;38;5;9;487;33;572;93;12;10;24;433;
1;2;3;390;SURF;SURF;FlannBased;SVM;86543;1;135.68;25.65;0.151102;572;433;11;28;15;85;572;11;533;8;6;14;572;16;19;525;7;5;572;36;10;9;495;22;571;90;15;12;13;441;
1;3;2;390;SURF;SURF;FlannBased;SVM;86981;1;135.12;25.53;0.157747;571;433;12;32;16;78;572;8;524;19;10;11;572;14;18;528;5;7;572;37;8;11;484;32;572;104;15;4;10;439;
2;3;1;390;SURF;SURF;FlannBased;SVM;87144;1;135.36;25.95;0.147254;572;424;11;24;15;98;571;10;524;14;7;16;572;14;9;541;7;1;572;36;10;11;488;27;572;72;13;10;16;461;
1;2;3;395;SURF;SURF;FlannBased;SVM;86543;1;135.14;26.16;0.166142;572;423;11;23;20;95;572;13;527;10;6;16;572;22;15;518;8;9;572;44;10;10;483;25;571;104;16;5;13;433;
1;3;2;395;SURF;SURF;FlannBased;SVM;86981;1;136.79;26.01;0.162295;571;441;8;26;12;84;572;15;517;18;8;14;572;23;15;523;7;4;572;44;6;11;482;29;572;101;13;9;17;432;
2;3;1;395;SURF;SURF;FlannBased;SVM;87144;1;137.09;26.34;0.173137;572;421;14;27;19;91;571;17;520;12;6;16;572;23;20;518;5;6;572;35;5;9;494;29;572;106;16;16;23;411;
1;2;3;400;SURF;SURF;FlannBased;SVM;86543;1;136.94;26.49;0.163694;572;407;13;23;33;96;572;12;525;12;6;17;572;16;15;524;12;5;572;29;8;8;507;20;571;92;12;15;24;428;
1;3;2;400;SURF;SURF;FlannBased;SVM;86981;1;137.98;26.23;0.152151;571;432;14;33;21;71;572;12;524;16;5;15;572;14;12;533;4;9;572;35;9;11;491;26;572;100;11;6;11;444;
2;3;1;400;SURF;SURF;FlannBased;SVM;87144;1;136.85;26.37;0.1532;572;428;10;32;11;91;571;14;527;11;3;16;572;16;11;533;6;6;572;29;8;12;496;27;572;89;17;10;19;437;
1;2;3;405;SURF;SURF;FlannBased;SVM;86543;1;138.74;26.67;0.161945;572;416;11;24;17;104;572;12;525;11;8;16;572;19;20;522;4;7;572;45;15;5;496;11;571;95;20;8;11;437;
1;3;2;405;SURF;SURF;FlannBased;SVM;86981;1;139.17;26.55;0.145505;571;450;13;33;7;68;572;11;527;18;6;10;572;15;11;534;4;8;572;35;13;8;484;32;572;87;13;10;14;448;
2;3;1;405;SURF;SURF;FlannBased;SVM;87144;1;138.26;26.18;0.158447;572;424;12;26;19;91;571;11;518;11;12;19;572;16;16;527;4;9;572;41;4;9;497;21;572;87;15;8;22;440;
1;2;3;410;SURF;SURF;FlannBased;SVM;86543;1;139.43;26.86;0.158447;572;428;16;29;15;84;572;7;525;15;9;16;572;18;22;517;4;11;572;28;9;9;507;19;571;104;12;10;16;429;
1;3;2;410;SURF;SURF;FlannBased;SVM;86981;1;139.28;26.21;0.162994;571;432;8;37;20;74;572;11;516;23;9;13;572;25;12;527;5;3;572;38;4;15;488;27;572;109;10;9;14;430;
2;3;1;410;SURF;SURF;FlannBased;SVM;87144;1;139.41;26.32;0.158447;572;417;17;36;17;85;571;9;523;17;6;16;572;14;15;530;7;6;572;39;7;11;489;26;572;76;18;10;21;447;
1;2;3;415;SURF;SURF;FlannBased;SVM;86543;1;139;26.46;0.148304;572;436;16;28;17;75;572;9;531;14;8;10;572;11;19;527;8;7;572;45;8;9;491;19;571;83;9;8;21;450;
1;3;2;415;SURF;SURF;FlannBased;SVM;86981;1;140.77;26.26;0.166142;571;436;12;31;12;80;572;10;525;16;6;15;572;23;13;527;5;4;572;45;7;17;475;28;572;113;13;15;10;421;
2;3;1;415;SURF;SURF;FlannBased;SVM;87144;1;140;26.28;0.157048;572;413;6;25;21;107;571;15;527;10;5;14;572;15;12;533;5;7;572;45;6;13;487;21;572;74;21;8;19;450;
1;2;3;420;SURF;SURF;FlannBased;SVM;86543;1;140.82;26.88;0.157048;572;422;14;23;29;84;572;10;537;14;5;6;572;16;17;525;7;7;572;31;7;14;501;19;571;101;15;12;18;425;
1;3;2;420;SURF;SURF;FlannBased;SVM;86981;1;141.61;26.72;0.149353;571;433;8;26;16;88;572;14;524;18;8;8;572;20;13;533;2;4;572;33;7;10;496;26;572;92;11;6;17;446;
2;3;1;420;SURF;SURF;FlannBased;SVM;87144;1;141.26;26.61;0.150752;572;416;11;26;13;106;571;8;529;9;7;18;572;20;10;536;1;5;572;32;4;13;495;28;572;81;13;10;16;452;
1;2;3;425;SURF;SURF;FlannBased;SVM;86543;1;141.08;27.02;0.1539;572;422;18;30;25;77;572;13;528;14;4;13;572;20;19;521;7;5;572;29;5;10;512;16;571;94;13;10;18;436;
1;3;2;425;SURF;SURF;FlannBased;SVM;86981;1;142.4;26.52;0.15355;571;450;9;34;10;68;572;13;517;20;11;11;572;22;13;528;3;6;572;36;5;18;477;36;572;94;9;7;14;448;
2;3;1;425;SURF;SURF;FlannBased;SVM;87144;1;142.37;26.75;0.152501;572;420;19;26;17;90;571;6;527;15;11;12;572;22;16;523;1;10;572;38;7;8;497;22;572;82;10;7;17;456;
1;2;3;430;SURF;SURF;FlannBased;SVM;86543;1;143.17;27.29;0.140259;572;442;13;16;16;85;572;15;524;13;7;13;572;12;21;526;8;5;572;26;6;4;506;30;571;84;3;12;12;460;
1;3;2;430;SURF;SURF;FlannBased;SVM;86981;1;142.65;26.8;0.1532;571;442;13;28;16;72;572;13;525;19;6;9;572;21;11;529;3;8;572;31;5;13;491;32;572;99;15;6;18;434;
2;3;1;430;SURF;SURF;FlannBased;SVM;87144;1;144.19;26.83;0.152851;572;412;10;25;20;105;571;8;534;10;6;13;572;14;13;532;9;4;572;34;6;11;502;19;572;90;14;6;20;442;
1;2;3;435;SURF;SURF;FlannBased;SVM;86543;1;143.74;26.94;0.161945;572;429;11;30;25;77;572;11;525;15;9;12;572;17;20;519;11;5;572;36;8;15;496;17;571;102;10;15;17;427;
1;3;2;435;SURF;SURF;FlannBased;SVM;86981;1;144.1;26.99;0.142357;571;450;8;24;14;75;572;13;524;15;7;13;572;20;12;528;5;7;572;22;7;16;505;22;572;90;17;9;11;445;
2;3;1;435;SURF;SURF;FlannBased;SVM;87144;1;144.5;27.15;0.158097;572;425;12;26;15;94;571;8;528;11;10;14;572;17;19;522;5;9;572;38;4;9;486;35;572;82;11;8;25;446;
1;2;3;440;SURF;SURF;FlannBased;SVM;86543;1;145.73;27.25;0.162644;572;416;12;30;24;90;572;8;529;15;7;13;572;17;16;524;10;5;572;36;7;7;499;23;571;99;9;13;24;426;
1;3;2;440;SURF;SURF;FlannBased;SVM;86981;1;145.43;27.07;0.160196;571;436;14;30;16;75;572;10;529;15;5;13;572;25;17;520;3;7;572;30;8;9;493;32;572;113;15;6;15;423;
2;3;1;440;SURF;SURF;FlannBased;SVM;87144;1;146.1;27.2;0.149003;572;420;12;32;19;89;571;4;538;9;6;14;572;12;11;536;6;7;572;32;2;9;502;27;572;94;17;10;14;437;
1;2;3;445;SURF;SURF;FlannBased;SVM;86543;1;146.22;27.38;0.155999;572;408;14;28;21;101;572;9;530;12;5;16;572;14;22;526;6;4;572;36;7;7;501;21;571;95;10;6;12;448;
1;3;2;445;SURF;SURF;FlannBased;SVM;86981;1;146.07;27.35;0.159496;571;431;12;28;13;87;572;8;519;22;7;16;572;24;18;519;3;8;572;34;10;11;491;26;572;90;14;9;16;443;
2;3;1;445;SURF;SURF;FlannBased;SVM;87144;1;147.14;27.28;0.149703;572;436;8;24;19;85;571;10;530;12;7;12;572;13;11;535;4;9;572;29;4;10;505;24;572;107;12;5;23;425;
1;2;3;450;SURF;SURF;FlannBased;SVM;86543;1;146.38;27.27;0.144106;572;434;14;20;20;84;572;7;533;14;6;12;572;17;22;522;3;8;572;39;1;11;507;14;571;83;12;14;11;451;
1;3;2;450;SURF;SURF;FlannBased;SVM;86981;1;146.16;27.61;0.146205;571;449;10;23;17;72;572;11;519;14;13;15;572;18;14;524;3;13;572;36;9;13;498;16;572;94;12;4;11;451;
2;3;1;450;SURF;SURF;FlannBased;SVM;87144;1;148.01;27.6;0.147254;572;435;9;21;19;88;571;7;539;7;5;13;572;9;19;530;4;10;572;25;4;9;508;26;572;101;14;11;20;426;
1;2;3;455;SURF;SURF;FlannBased;SVM;86543;1;147.92;27.53;0.151452;572;411;14;28;13;106;572;14;529;13;9;7;572;17;19;516;11;9;572;36;8;5;506;17;571;74;10;16;7;464;
1;3;2;455;SURF;SURF;FlannBased;SVM;86981;1;148.43;27.47;0.147254;571;443;12;37;11;68;572;6;521;17;6;22;572;18;12;527;7;8;572;29;8;13;499;23;572;84;10;12;18;448;
2;3;1;455;SURF;SURF;FlannBased;SVM;87144;1;148.43;27.53;0.1546;572;427;14;30;18;83;571;8;529;11;8;15;572;15;17;525;3;12;572;47;10;11;484;20;572;88;9;8;15;452;
1;2;3;460;SURF;SURF;FlannBased;SVM;86543;1;148.66;27.25;0.147254;572;432;13;26;15;86;572;14;534;10;4;10;572;20;16;521;6;9;572;37;7;5;509;14;571;97;11;10;11;442;
1;3;2;460;SURF;SURF;FlannBased;SVM;86981;1;149.6;27.9;0.159496;571;425;10;40;14;82;572;7;529;17;6;13;572;21;18;528;4;1;572;41;6;16;489;20;572;107;12;8;13;432;
2;3;1;460;SURF;SURF;FlannBased;SVM;87144;1;150.26;27.58;0.152151;572;430;15;25;15;87;571;8;525;14;11;13;572;14;14;534;5;5;572;42;6;10;495;19;572;97;9;8;18;440;
1;2;3;465;SURF;SURF;FlannBased;SVM;86543;1;149.48;27.87;0.143057;572;433;11;29;16;83;572;16;528;10;5;13;572;19;16;528;7;2;572;35;3;6;513;15;571;97;7;8;11;448;
1;3;2;465;SURF;SURF;FlannBased;SVM;86981;1;151.36;27.51;0.147254;571;448;11;31;12;69;572;15;516;21;10;10;572;18;11;533;6;4;572;34;5;10;493;30;572;96;6;7;15;448;
2;3;1;465;SURF;SURF;FlannBased;SVM;87144;1;152.23;28.24;0.147954;572;440;9;28;17;78;571;15;524;13;6;13;572;15;11;534;6;6;572;37;4;6;505;20;572;100;12;18;9;433;
1;2;3;470;SURF;SURF;FlannBased;SVM;86543;1;151.29;27.96;0.147254;572;420;11;28;23;90;572;7;530;10;8;17;572;23;16;524;8;1;572;34;4;4;507;23;571;86;10;10;8;457;
1;3;2;470;SURF;SURF;FlannBased;SVM;86981;1;152.65;28.17;0.150052;571;442;11;27;20;71;572;13;521;21;3;14;572;19;12;528;5;8;572;34;8;13;494;23;572;95;8;11;13;445;
2;3;1;470;SURF;SURF;FlannBased;SVM;87144;1;152.28;28.44;0.158097;572;418;14;29;26;85;571;11;533;10;5;12;572;17;16;523;10;6;572;37;4;6;500;25;572;96;16;6;21;433;
1;2;3;475;SURF;SURF;FlannBased;SVM;86543;1;153.45;28.57;0.142357;572;438;15;26;21;72;572;10;533;8;5;16;572;19;18;523;6;6;572;36;12;7;499;18;571;84;17;5;6;459;
1;3;2;475;SURF;SURF;FlannBased;SVM;86981;1;153.61;28.17;0.15355;571;433;10;35;7;86;572;9;526;16;10;11;572;20;15;531;2;4;572;33;7;9;489;34;572;103;7;8;13;441;
2;3;1;475;SURF;SURF;FlannBased;SVM;87144;1;154.39;28.74;0.147954;572;418;16;34;14;90;571;8;532;11;5;15;572;14;18;529;4;7;572;34;8;11;498;21;572;81;8;12;12;459;
1;2;3;480;SURF;SURF;FlannBased;SVM;86543;1;153.95;28.74;0.151102;572;425;10;30;18;89;572;13;529;17;2;11;572;16;15;525;9;7;572;30;5;9;499;29;571;93;6;9;14;449;
1;3;2;480;SURF;SURF;FlannBased;SVM;86981;1;154.86;28.56;0.152851;571;461;7;29;16;58;572;11;526;19;5;11;572;20;10;528;7;7;572;39;6;15;485;27;572;107;14;10;19;422;
2;3;1;480;SURF;SURF;FlannBased;SVM;87144;1;154.94;28.63;0.140609;572;442;14;26;12;78;571;11;534;9;4;13;572;11;16;533;3;9;572;36;4;8;496;28;572;89;8;5;18;452;
1;2;3;485;SURF;SURF;FlannBased;SVM;86543;1;154.87;28.29;0.152151;572;415;14;29;19;95;572;10;535;11;8;8;572;14;22;524;6;6;572;34;4;11;506;17;571;90;13;12;12;444;
1;3;2;485;SURF;SURF;FlannBased;SVM;86981;1;156.35;28.44;0.13921;571;447;10;28;10;76;572;11;529;15;4;13;572;15;14;537;4;2;572;33;9;12;494;24;572;97;11;5;5;454;
2;3;1;485;SURF;SURF;FlannBased;SVM;87144;1;157.04;28.71;0.146905;572;420;20;30;15;87;571;12;536;11;4;8;572;15;16;530;3;8;572;36;3;5;505;23;572;92;7;8;17;448;
1;2;3;490;SURF;SURF;FlannBased;SVM;86543;1;157.2;28.63;0.146555;572;422;19;23;20;88;572;13;529;13;7;10;572;16;21;524;8;3;572;31;9;9;507;16;571;79;8;11;15;458;
1;3;2;490;SURF;SURF;FlannBased;SVM;86981;1;156.64;28.83;0.137461;571;466;10;29;11;55;572;11;524;21;6;10;572;18;11;533;4;6;572;30;4;13;499;26;572;97;11;10;10;444;
2;3;1;490;SURF;SURF;FlannBased;SVM;87144;1;156.52;28.68;0.147604;572;433;12;33;15;79;571;9;537;7;3;15;572;13;15;533;6;5;572;40;4;6;494;28;572;93;16;9;14;440;
1;2;3;495;SURF;SURF;FlannBased;SVM;86543;1;158.68;28.95;0.151102;572;422;13;27;15;95;572;14;523;15;8;12;572;11;15;531;10;5;572;43;8;9;502;10;571;85;13;9;15;449;
1;3;2;495;SURF;SURF;FlannBased;SVM;86981;1;159.15;29.18;0.143057;571;435;10;34;15;77;572;10;525;18;11;8;572;19;12;534;3;4;572;29;10;16;492;25;572;82;10;7;9;464;
2;3;1;495;SURF;SURF;FlannBased;SVM;87144;1;159.6;28.76;0.143757;572;428;10;30;22;82;571;7;526;16;5;17;572;19;17;529;1;6;572;33;5;7;505;22;572;68;13;9;22;460;
1;2;3;500;SURF;SURF;FlannBased;SVM;86543;1;158.82;29.27;0.146905;572;432;13;26;15;86;572;9;523;16;9;15;572;16;14;524;8;10;572;37;9;10;502;14;571;77;7;13;16;458;
1;3;2;500;SURF;SURF;FlannBased;SVM;86981;1;159.86;29.2;0.141308;571;449;6;38;14;64;572;14;523;22;6;7;572;22;16;527;3;4;572;27;5;12;503;25;572;87;7;7;18;453;
2;3;1;500;SURF;SURF;FlannBased;SVM;87144;1;159.58;28.74;0.13921;572;432;6;27;18;89;571;17;530;8;2;14;572;7;13;544;1;7;572;44;7;8;494;19;572;77;10;7;17;461;
1;2;3;505;SURF;SURF;FlannBased;SVM;86543;1;160.2;29.15;0.15425;572;427;15;26;16;88;572;16;526;11;3;16;572;15;20;527;4;6;572;43;5;9;496;19;571;102;8;7;12;442;
1;3;2;505;SURF;SURF;FlannBased;SVM;86981;1;160.44;29.15;0.143407;571;452;11;28;14;66;572;11;531;16;7;7;572;16;15;528;4;9;572;31;6;16;496;23;572;98;11;4;17;442;
2;3;1;505;SURF;SURF;FlannBased;SVM;87144;1;160.68;29.18;0.135712;572;440;14;22;18;78;571;13;533;10;4;11;572;14;11;535;7;5;572;32;6;7;506;21;572;83;5;4;23;457;
1;2;3;510;SURF;SURF;FlannBased;SVM;86543;1;161.99;29.4;0.1546;572;433;9;27;15;88;572;13;526;15;5;13;572;17;18;528;5;4;572;31;7;8;497;29;571;100;7;16;15;433;
1;3;2;510;SURF;SURF;FlannBased;SVM;86981;1;162.91;28.73;0.146205;571;453;9;27;14;68;572;12;524;21;4;11;572;20;12;529;5;6;572;43;6;7;489;27;572;95;9;8;14;446;
2;3;1;510;SURF;SURF;FlannBased;SVM;87144;1;162.32;29.74;0.144806;572;438;10;30;18;76;571;11;531;16;8;5;572;16;14;530;7;5;572;38;2;8;507;17;572;97;9;6;21;439;
1;2;3;515;SURF;SURF;FlannBased;SVM;86543;1;162.62;30.09;0.144456;572;427;22;19;15;89;572;12;534;13;2;11;572;13;20;531;4;4;572;37;10;2;511;12;571;96;16;6;10;443;
1;3;2;515;SURF;SURF;FlannBased;SVM;86981;1;163.08;29.56;0.141658;571;450;10;22;20;69;572;6;536;18;5;7;572;24;12;528;1;7;572;41;7;12;482;30;572;90;0;6;18;458;
2;3;1;515;SURF;SURF;FlannBased;SVM;87144;1;163.15;29.56;0.136761;572;444;16;20;18;74;571;10;535;5;5;16;572;17;15;529;3;8;572;26;3;6;513;24;572;91;18;3;13;447;
1;2;3;520;SURF;SURF;FlannBased;SVM;86543;1;162.72;29.76;0.139559;572;441;16;20;20;75;572;13;530;13;6;10;572;17;19;526;3;7;572;34;7;11;507;13;571;92;9;10;4;456;
1;3;2;520;SURF;SURF;FlannBased;SVM;86981;1;164.34;29.61;0.146905;571;458;10;29;7;67;572;9;531;15;6;11;572;20;9;529;7;7;572;45;10;10;486;21;572;102;12;7;16;435;
2;3;1;520;SURF;SURF;FlannBased;SVM;87144;1;166.58;30.17;0.141658;572;434;13;28;12;85;571;14;533;15;2;7;572;18;11;535;3;5;572;34;8;6;501;23;572;81;17;6;17;451;
1;2;3;525;SURF;SURF;FlannBased;SVM;86543;1;166.24;29.7;0.155649;572;429;14;22;16;91;572;11;528;14;5;14;572;15;17;524;8;8;572;39;7;7;492;27;571;102;10;3;15;441;
1;3;2;525;SURF;SURF;FlannBased;SVM;86981;1;166.71;30.93;0.156698;571;427;7;35;15;87;572;9;522;21;9;11;572;15;16;531;4;6;572;39;8;13;494;18;572;104;7;10;14;437;
2;3;1;525;SURF;SURF;FlannBased;SVM;87144;1;166.54;29.83;0.126618;572;455;8;23;10;76;571;10;536;8;7;10;572;14;13;536;3;6;572;39;2;8;504;19;572;80;7;9;10;466;
1;2;3;530;SURF;SURF;FlannBased;SVM;86543;1;166.1;30.18;0.152151;572;413;11;22;16;110;572;16;529;11;6;10;572;16;21;528;5;2;572;32;8;10;507;15;571;83;13;14;14;447;
1;3;2;530;SURF;SURF;FlannBased;SVM;86981;1;167.1;29.72;0.13781;571;463;5;26;11;66;572;10;533;14;5;10;572;21;11;532;3;5;572;34;5;11;484;38;572;97;8;6;8;453;
2;3;1;530;SURF;SURF;FlannBased;SVM;87144;1;165.76;29.69;0.13781;572;441;13;26;6;86;571;9;529;7;11;15;572;10;14;538;0;10;572;26;6;2;506;32;572;84;17;8;12;451;
1;2;3;535;SURF;SURF;FlannBased;SVM;86543;1;166.08;29.99;0.140958;572;440;11;26;9;86;572;12;529;15;6;10;572;15;13;532;4;8;572;32;7;9;512;12;571;97;10;15;6;443;
1;3;2;535;SURF;SURF;FlannBased;SVM;86981;1;166.94;30.22;0.13816;571;443;9;34;12;73;572;8;529;19;7;9;572;18;11;533;1;9;572;31;11;8;504;18;572;89;13;6;9;455;
2;3;1;535;SURF;SURF;FlannBased;SVM;87144;1;167.25;30.25;0.136062;572;443;16;26;16;71;571;11;534;11;5;10;572;14;19;529;4;6;572;24;5;6;516;21;572;89;12;8;15;448;
1;2;3;540;SURF;SURF;FlannBased;SVM;86543;1;167.51;30.13;0.145855;572;429;11;25;16;91;572;12;532;9;5;14;572;10;15;535;7;5;572;30;10;4;508;20;571;101;9;11;12;438;
1;3;2;540;SURF;SURF;FlannBased;SVM;86981;1;167.05;29.84;0.148653;571;455;6;26;12;72;572;12;524;16;10;10;572;16;14;529;8;5;572;34;2;11;499;26;572;112;9;9;15;427;
2;3;1;540;SURF;SURF;FlannBased;SVM;87144;1;167.08;30.08;0.136761;572;442;15;15;16;84;571;11;532;15;3;10;572;20;13;532;4;3;572;31;5;8;508;20;572;77;16;7;18;454;
1;2;3;545;SURF;SURF;FlannBased;SVM;86543;1;167.57;30.35;0.139909;572;451;11;19;15;76;572;13;532;12;5;10;572;19;16;524;7;6;572;29;10;6;509;18;571;106;4;11;7;443;
1;3;2;545;SURF;SURF;FlannBased;SVM;86981;1;168.26;30.38;0.140958;571;445;7;40;12;67;572;10;520;23;10;9;572;17;8;530;9;8;572;26;8;15;499;24;572;87;6;8;9;462;
2;3;1;545;SURF;SURF;FlannBased;SVM;87144;1;169.3;30.11;0.133613;572;442;9;28;12;81;571;17;534;4;5;11;572;10;10;541;3;8;572;42;0;10;504;16;572;89;6;7;14;456;
1;2;3;550;SURF;SURF;FlannBased;SVM;86543;1;168.61;30.53;0.145156;572;434;11;28;14;85;572;11;534;9;4;14;572;14;18;525;7;8;572;31;3;6;514;18;571;101;11;11;11;437;
1;3;2;550;SURF;SURF;FlannBased;SVM;86981;1;168.3;30.62;0.140259;571;459;7;31;9;65;572;12;520;18;4;18;572;17;12;535;4;4;572;40;4;9;492;27;572;87;8;4;21;452;
2;3;1;550;SURF;SURF;FlannBased;SVM;87144;1;170.98;30.57;0.135362;572;464;13;18;10;67;571;10;536;9;4;12;572;12;14;534;8;4;572;34;5;7;502;24;572;105;10;7;14;436;
1;2;3;555;SURF;SURF;FlannBased;SVM;86543;1;169.17;31.06;0.140958;572;445;10;25;16;76;572;9;530;14;9;10;572;13;17;530;5;7;572;30;5;13;511;13;571;98;11;11;11;440;
1;3;2;555;SURF;SURF;FlannBased;SVM;86981;1;170.58;30.56;0.13816;571;452;6;30;11;72;572;9;517;23;12;11;572;15;9;536;4;8;572;29;5;5;508;25;572;89;8;7;17;451;
2;3;1;555;SURF;SURF;FlannBased;SVM;87144;1;170.26;30.58;0.135362;572;441;11;19;16;85;571;8;534;12;5;12;572;10;9;543;3;7;572;26;8;5;504;29;572;80;16;5;21;450;
1;2;3;560;SURF;SURF;FlannBased;SVM;86543;1;167.92;29.65;0.141658;572;428;9;22;12;101;572;13;532;10;3;14;572;19;19;521;5;8;572;33;2;9;508;20;571;83;7;5;11;465;
1;3;2;560;SURF;SURF;FlannBased;SVM;86981;1;167.71;28.9;0.137111;571;457;7;31;11;65;572;11;521;21;8;11;572;20;11;533;4;4;572;33;6;11;508;14;572;94;6;7;17;448;
2;3;1;560;SURF;SURF;FlannBased;SVM;87144;1;167.3;28.36;0.147254;572;452;11;24;11;74;571;12;529;7;6;17;572;16;14;532;3;7;572;49;2;7;489;25;572;97;9;11;19;436;
